{
  "mp_id": "mp-1412582",
  "formula": "VO2",
  "band_gap": 0.070399999999999,
  "efermi": 2.66143195,
  "dos_shape": [
    2001
  ],
  "band_gap_mp": 0.07041253587513907,
  "formation_energy_per_atom_mp": -2.2653219500000006,
  "energy_above_hull_mp": 0.2571462266666522,
  "is_stable_mp": false,
  "cbm_mp": 2.7274044969875493,
  "vbm_mp": 2.65699196111241,
  "efermi_mp": 2.66143195,
  "has_band_edges_mp": true
}