{
  "mp_id": "mp-1380335",
  "formula": "TiO2",
  "band_gap_mp": 1.6811999999999998,
  "formation_energy_per_atom_mp": -3.3305649886111106,
  "energy_above_hull_mp": 0.17749046333333318,
  "is_stable_mp": false,
  "cbm_mp": 2.7476,
  "vbm_mp": 1.0664,
  "efermi_mp": 1.10670023,
  "has_band_edges_mp": true
}