{
  "mp_id": "mp-1390618",
  "formula": "SnO2",
  "band_gap": 1.9299,
  "efermi": 3.31591676,
  "dos_shape": [
    2001
  ],
  "band_gap_mp": 1.9299,
  "formation_energy_per_atom_mp": -1.9542055316666662,
  "energy_above_hull_mp": 0.15327647333333339,
  "is_stable_mp": false,
  "cbm_mp": 5.2485,
  "vbm_mp": 3.3186,
  "efermi_mp": 3.58430345,
  "has_band_edges_mp": true
}