{
  "mp_id": "mp-1180019",
  "formula": "PbO2",
  "band_gap_mp": 0.6955,
  "formation_energy_per_atom_mp": -0.8579809205555549,
  "energy_above_hull_mp": 0.4416661111111111,
  "is_stable_mp": false,
  "cbm_mp": 2.751,
  "vbm_mp": 2.0555,
  "efermi_mp": 2.05541555,
  "has_band_edges_mp": true
}