{
  "mp_id": "mp-19443",
  "formula": "WO3",
  "band_gap": 1.1503,
  "efermi": 0.42276483,
  "dos_shape": [
    2001
  ],
  "band_gap_mp": 1.1503,
  "formation_energy_per_atom_mp": -2.18494683875,
  "energy_above_hull_mp": 0.005913767812499415,
  "is_stable_mp": false,
  "cbm_mp": 1.5447,
  "vbm_mp": 0.3944,
  "efermi_mp": 0.46321489,
  "has_band_edges_mp": true
}