{
  "mp_id": "mp-1102255",
  "formula": "TiO2",
  "band_gap_mp": 1.7550999999999997,
  "formation_energy_per_atom_mp": -3.2104639794444445,
  "energy_above_hull_mp": 0.2975914725000006,
  "is_stable_mp": false,
  "cbm_mp": 7.4449,
  "vbm_mp": 5.6898,
  "efermi_mp": 5.86947066,
  "has_band_edges_mp": true
}