{
  "mp_id": "mp-1197857",
  "formula": "WO3",
  "band_gap": 1.6735,
  "efermi": 0.44689646,
  "dos_shape": [
    2001
  ],
  "band_gap_mp": 1.6735000000000002,
  "formation_energy_per_atom_mp": -2.18104009125,
  "energy_above_hull_mp": 0.009820515312499722,
  "is_stable_mp": false,
  "cbm_mp": 2.1099,
  "vbm_mp": 0.4364,
  "efermi_mp": 0.48780837,
  "has_band_edges_mp": true
}