{
  "mp_id": "mp-1384340",
  "formula": "SnO2",
  "band_gap": 1.8017,
  "efermi": 2.51133741,
  "dos_shape": [
    2001
  ],
  "band_gap_mp": 1.8043505381006768,
  "formation_energy_per_atom_mp": -2.0388910383333325,
  "energy_above_hull_mp": 0.06859096666666709,
  "is_stable_mp": false,
  "cbm_mp": 4.309749226243545,
  "vbm_mp": 2.505398688142868,
  "efermi_mp": 2.51133741,
  "has_band_edges_mp": true
}