{
  "mp_id": "mp-1101022",
  "formula": "TiO2",
  "band_gap_mp": 2.0074,
  "formation_energy_per_atom_mp": -3.4606675294444442,
  "energy_above_hull_mp": 0.04738792250000046,
  "is_stable_mp": false,
  "cbm_mp": 3.5419,
  "vbm_mp": 1.5345,
  "efermi_mp": 1.53443389,
  "has_band_edges_mp": true
}