{
  "mp_id": "mp-1401382",
  "formula": "SnO2",
  "band_gap": 1.846799999999999,
  "efermi": 2.56100393,
  "dos_shape": [
    2001
  ],
  "band_gap_mp": 1.8510496153527982,
  "formation_energy_per_atom_mp": -1.9160104833333331,
  "energy_above_hull_mp": 0.19147152166666714,
  "is_stable_mp": false,
  "cbm_mp": 4.406046529644761,
  "vbm_mp": 2.5549969142919626,
  "efermi_mp": 2.56100393,
  "has_band_edges_mp": true
}