{
  "mp_id": "mp-1289705",
  "formula": "VO2",
  "band_gap_mp": 1.1309,
  "formation_energy_per_atom_mp": -2.4087724762500002,
  "energy_above_hull_mp": 0.11369570041665256,
  "is_stable_mp": false,
  "cbm_mp": 3.233,
  "vbm_mp": 2.1021,
  "efermi_mp": 2.1022952,
  "has_band_edges_mp": true
}