{
  "mp_id": "mp-1245267",
  "formula": "WO3",
  "band_gap_mp": 1.9695,
  "formation_energy_per_atom_mp": -1.9464030184500007,
  "energy_above_hull_mp": 0.24445758811249974,
  "is_stable_mp": false,
  "cbm_mp": 1.1404,
  "vbm_mp": -0.8291,
  "efermi_mp": -0.77300622,
  "has_band_edges_mp": true
}