{
  "mp_id": "mp-1102359",
  "formula": "PbO2",
  "band_gap": null,
  "efermi": 5.18389022,
  "dos_shape": [
    2001
  ],
  "band_gap_mp": 0.0,
  "formation_energy_per_atom_mp": -1.1691148716666657,
  "energy_above_hull_mp": 0.13053216000000045,
  "is_stable_mp": false,
  "cbm_mp": 5.18389022,
  "vbm_mp": 5.18389022,
  "efermi_mp": 5.18389022,
  "has_band_edges_mp": true
}