{
  "mp_id": "mp-1244935",
  "formula": "SnO2",
  "band_gap_mp": 0.5225999999999997,
  "formation_energy_per_atom_mp": -1.4231196193333326,
  "energy_above_hull_mp": 0.6843623856666667,
  "is_stable_mp": false,
  "cbm_mp": 5.5965,
  "vbm_mp": 5.0739,
  "efermi_mp": 5.07389348,
  "has_band_edges_mp": true
}