{
  "mp_id": "mp-1224381",
  "formula": "HfO2",
  "band_gap": 3.7545,
  "efermi": 3.73669189,
  "dos_shape": [
    2001
  ],
  "band_gap_mp": 3.7545,
  "formation_energy_per_atom_mp": -3.934555099999997,
  "energy_above_hull_mp": 0.08525594083333488,
  "is_stable_mp": false,
  "cbm_mp": 7.5048,
  "vbm_mp": 3.7503,
  "efermi_mp": 3.81397389,
  "has_band_edges_mp": true
}