{
  "mp_id": "mp-1273559",
  "formula": "VO2",
  "band_gap_mp": 0.8258000000000001,
  "formation_energy_per_atom_mp": -2.4208555677777763,
  "energy_above_hull_mp": 0.10161260888887469,
  "is_stable_mp": false,
  "cbm_mp": 2.8022,
  "vbm_mp": 1.9764,
  "efermi_mp": 2.80212818,
  "has_band_edges_mp": true
}