{
  "mp_id": "mp-1245178",
  "formula": "SnO2",
  "band_gap_mp": 1.0304000000000002,
  "formation_energy_per_atom_mp": -1.8332811019999995,
  "energy_above_hull_mp": 0.27420090299999966,
  "is_stable_mp": false,
  "cbm_mp": 5.8529,
  "vbm_mp": 4.8225,
  "efermi_mp": 4.82272361,
  "has_band_edges_mp": true
}