{
  "mp_id": "mp-1284510",
  "formula": "VO2",
  "band_gap_mp": 1.3725,
  "formation_energy_per_atom_mp": -2.405646150416667,
  "energy_above_hull_mp": 0.11682202624998617,
  "is_stable_mp": false,
  "cbm_mp": 3.4115,
  "vbm_mp": 2.039,
  "efermi_mp": 2.05689803,
  "has_band_edges_mp": true
}