{
  "mp_id": "mp-1079207",
  "formula": "TiO2",
  "band_gap_mp": 0.8879999999999999,
  "formation_energy_per_atom_mp": -3.175238522222222,
  "energy_above_hull_mp": 0.3328169297222221,
  "is_stable_mp": false,
  "cbm_mp": 7.0977,
  "vbm_mp": 6.2097,
  "efermi_mp": 6.31524626,
  "has_band_edges_mp": true
}