{
  "mp_id": "mp-1190753",
  "formula": "TiO2",
  "band_gap_mp": 2.078171214709214,
  "formation_energy_per_atom_mp": -3.384136177361112,
  "energy_above_hull_mp": 0.12391927458333285,
  "is_stable_mp": false,
  "cbm_mp": 6.50165077582084,
  "vbm_mp": 4.423479561111626,
  "efermi_mp": 4.4270086,
  "has_band_edges_mp": true
}