{
  "mp_id": "mp-1040910",
  "formula": "VO2",
  "band_gap_mp": 0.9116000000000002,
  "formation_energy_per_atom_mp": -2.3172104774999998,
  "energy_above_hull_mp": 0.20525769916665304,
  "is_stable_mp": false,
  "cbm_mp": 2.866,
  "vbm_mp": 1.9544,
  "efermi_mp": 1.98750271,
  "has_band_edges_mp": true
}