{
  "mp_id": "mp-1314858",
  "formula": "VO2",
  "band_gap_mp": 1.1373000000000002,
  "formation_energy_per_atom_mp": -2.3923375916666663,
  "energy_above_hull_mp": 0.13013058499998564,
  "is_stable_mp": false,
  "cbm_mp": 3.1171,
  "vbm_mp": 1.9798,
  "efermi_mp": 1.9902744,
  "has_band_edges_mp": true
}