{
  "mp_id": "mp-19342",
  "formula": "WO3",
  "band_gap": 1.3231,
  "efermi": 0.34464233,
  "dos_shape": [
    2001
  ],
  "band_gap_mp": 1.3331,
  "formation_energy_per_atom_mp": -2.184668538125,
  "energy_above_hull_mp": 0.006192068437499643,
  "is_stable_mp": false,
  "cbm_mp": 1.6678,
  "vbm_mp": 0.3347,
  "efermi_mp": 0.37115167,
  "has_band_edges_mp": true
}