{
  "mp_id": "mp-1245116",
  "formula": "SnO2",
  "band_gap_mp": 0.6303000000000001,
  "formation_energy_per_atom_mp": -1.442250091555555,
  "energy_above_hull_mp": 0.6652319134444449,
  "is_stable_mp": false,
  "cbm_mp": 5.9774,
  "vbm_mp": 5.3471,
  "efermi_mp": 5.34718356,
  "has_band_edges_mp": true
}