{
  "mp_id": "mp-1101843",
  "formula": "PbO2",
  "band_gap": null,
  "efermi": 4.34333987,
  "dos_shape": [
    2001
  ],
  "band_gap_mp": 0.0,
  "formation_energy_per_atom_mp": -1.2430838708333323,
  "energy_above_hull_mp": 0.0565631608333339,
  "is_stable_mp": false,
  "cbm_mp": 4.34333987,
  "vbm_mp": 4.34333987,
  "efermi_mp": 4.34333987,
  "has_band_edges_mp": true
}