{
  "mp_id": "mp-19390",
  "formula": "WO3",
  "band_gap": 1.1124,
  "efermi": 0.37741784,
  "dos_shape": [
    2001
  ],
  "band_gap_mp": 1.1185,
  "formation_energy_per_atom_mp": -2.1831691712499994,
  "energy_above_hull_mp": 0.007691435312500161,
  "is_stable_mp": false,
  "cbm_mp": 1.4958,
  "vbm_mp": 0.3773,
  "efermi_mp": 0.53880403,
  "has_band_edges_mp": true
}