{
  "mp_id": "mp-1285335",
  "formula": "VO2",
  "band_gap_mp": 1.0984000000000003,
  "formation_energy_per_atom_mp": -2.409498474166668,
  "energy_above_hull_mp": 0.11296970249998495,
  "is_stable_mp": false,
  "cbm_mp": 3.2101,
  "vbm_mp": 2.1117,
  "efermi_mp": 2.11165697,
  "has_band_edges_mp": true
}