{
  "mp_id": "mp-1272932",
  "formula": "VO2",
  "band_gap_mp": 1.0657999999999999,
  "formation_energy_per_atom_mp": -2.4214272094444436,
  "energy_above_hull_mp": 0.10104096722220746,
  "is_stable_mp": false,
  "cbm_mp": 2.9947,
  "vbm_mp": 1.9289,
  "efermi_mp": 2.99461094,
  "has_band_edges_mp": true
}