{
  "mp_id": "mp-1274771",
  "formula": "VO2",
  "band_gap_mp": 1.2076000000000002,
  "formation_energy_per_atom_mp": -2.408685304166667,
  "energy_above_hull_mp": 0.11378287249998564,
  "is_stable_mp": false,
  "cbm_mp": 3.2627,
  "vbm_mp": 2.0551,
  "efermi_mp": 2.05525656,
  "has_band_edges_mp": true
}