{
  "mp_id": "mp-1008677",
  "formula": "TiO2",
  "band_gap_mp": 1.0553,
  "formation_energy_per_atom_mp": -3.1997306077777785,
  "energy_above_hull_mp": 0.30832484416666617,
  "is_stable_mp": false,
  "cbm_mp": 6.584,
  "vbm_mp": 5.5287,
  "efermi_mp": 5.73989948,
  "has_band_edges_mp": true
}