{
  "mp_id": "mp-1244885",
  "formula": "HfO2",
  "band_gap_mp": 3.4783,
  "formation_energy_per_atom_mp": -3.7653005874509797,
  "energy_above_hull_mp": 0.2545104533823519,
  "is_stable_mp": false,
  "cbm_mp": 5.6978,
  "vbm_mp": 2.2195,
  "efermi_mp": 2.25940408,
  "has_band_edges_mp": true
}