{
  "mp_id": "mp-1361684",
  "formula": "VO2",
  "band_gap_mp": 0.8739000000000001,
  "formation_energy_per_atom_mp": -2.3171825477777777,
  "energy_above_hull_mp": 0.20528562888887514,
  "is_stable_mp": false,
  "cbm_mp": 2.5847,
  "vbm_mp": 1.7108,
  "efermi_mp": 2.58473241,
  "has_band_edges_mp": true
}