{
  "mp_id": "mp-18773",
  "formula": "WO3",
  "band_gap": 1.3319,
  "efermi": 0.37884045,
  "dos_shape": [
    2001
  ],
  "band_gap_mp": 1.3372,
  "formation_energy_per_atom_mp": -2.184858871875,
  "energy_above_hull_mp": 0.006001734687499649,
  "is_stable_mp": false,
  "cbm_mp": 1.7016,
  "vbm_mp": 0.3644,
  "efermi_mp": 0.55155269,
  "has_band_edges_mp": true
}