{
  "mp_id": "mp-12978",
  "formula": "SnO2",
  "band_gap": 0.9607000000000001,
  "efermi": 5.43996253,
  "dos_shape": [
    2001
  ],
  "band_gap_mp": 0.9699,
  "formation_energy_per_atom_mp": -2.0905105366666668,
  "energy_above_hull_mp": 0.01697146833333285,
  "is_stable_mp": false,
  "cbm_mp": 6.4071,
  "vbm_mp": 5.4372,
  "efermi_mp": 5.50557453,
  "has_band_edges_mp": true
}