{
  "mp_id": "mp-1271757",
  "formula": "VO2",
  "band_gap_mp": 0.9892000000000001,
  "formation_energy_per_atom_mp": -2.417688144166668,
  "energy_above_hull_mp": 0.1047800324999848,
  "is_stable_mp": false,
  "cbm_mp": 2.1701,
  "vbm_mp": 1.1809,
  "efermi_mp": 1.18083583,
  "has_band_edges_mp": true
}