{
  "mp_id": "mp-1244941",
  "formula": "SnO2",
  "band_gap_mp": 0.3161000000000005,
  "formation_energy_per_atom_mp": -1.3630701143137258,
  "energy_above_hull_mp": 0.7444118906862744,
  "is_stable_mp": false,
  "cbm_mp": 5.6737,
  "vbm_mp": 5.3576,
  "efermi_mp": 5.38547828,
  "has_band_edges_mp": true
}