{
  "mp_id": "mp-1245134",
  "formula": "TiO2",
  "band_gap_mp": 2.4383,
  "formation_energy_per_atom_mp": -3.328620551666667,
  "energy_above_hull_mp": 0.17943490027777642,
  "is_stable_mp": false,
  "cbm_mp": 3.881,
  "vbm_mp": 1.4427,
  "efermi_mp": 1.44282693,
  "has_band_edges_mp": true
}