{
  "mp_id": "mp-2486616",
  "formula": "WO3",
  "band_gap_mp": 1.2582,
  "formation_energy_per_atom_mp": -2.1907180481250004,
  "energy_above_hull_mp": 0.00014255843749921837,
  "is_stable_mp": false,
  "cbm_mp": 1.6159,
  "vbm_mp": 0.3577,
  "efermi_mp": 0.39747427,
  "has_band_edges_mp": true
}