{
  "mp_id": "mp-2229",
  "formula": "ZnO",
  "band_gap": 0.7218999999999991,
  "efermi": 2.33081649,
  "dos_shape": [
    2001
  ],
  "band_gap_mp": 0.7195,
  "formation_energy_per_atom_mp": -1.6436317724999996,
  "energy_above_hull_mp": 0.14726733999999997,
  "is_stable_mp": false,
  "cbm_mp": 3.0351,
  "vbm_mp": 2.3156,
  "efermi_mp": 2.78593798,
  "has_band_edges_mp": true
}