{
  "mp_id": "mp-2214678",
  "formula": "VO2",
  "band_gap_mp": 0.11579999999999968,
  "formation_energy_per_atom_mp": -2.2820847625000007,
  "energy_above_hull_mp": 0.24038341416665254,
  "is_stable_mp": false,
  "cbm_mp": 2.7291,
  "vbm_mp": 2.6133,
  "efermi_mp": 2.67060133,
  "has_band_edges_mp": true
}