{
  "mp_id": "mp-2214803",
  "formula": "VO2",
  "band_gap_mp": 0.9444999999999999,
  "formation_energy_per_atom_mp": -2.335987716666667,
  "energy_above_hull_mp": 0.18648045999998608,
  "is_stable_mp": false,
  "cbm_mp": 1.3451,
  "vbm_mp": 0.4006,
  "efermi_mp": 0.48298488,
  "has_band_edges_mp": true
}