{
  "mp_id": "mp-2383052",
  "formula": "WO3",
  "band_gap_mp": 1.2708,
  "formation_energy_per_atom_mp": -2.1903476925000005,
  "energy_above_hull_mp": 0.0005129140624990924,
  "is_stable_mp": false,
  "cbm_mp": 1.6175,
  "vbm_mp": 0.3467,
  "efermi_mp": 0.38934679,
  "has_band_edges_mp": true
}