{
  "mp_id": "mp-2526683",
  "formula": "WO3",
  "band_gap_mp": 2.6601,
  "formation_energy_per_atom_mp": -2.1481914633928563,
  "energy_above_hull_mp": 0.04266914316964332,
  "is_stable_mp": false,
  "cbm_mp": 1.5331,
  "vbm_mp": -1.127,
  "efermi_mp": -1.05571593,
  "has_band_edges_mp": true
}