{
  "mp_id": "mp-32777",
  "formula": "WO3",
  "band_gap": 1.208699999999999,
  "efermi": -0.33239196,
  "dos_shape": [
    2001
  ],
  "band_gap_mp": 1.2092614204761234,
  "formation_energy_per_atom_mp": -2.1804376799999994,
  "energy_above_hull_mp": 0.010422926562499768,
  "is_stable_mp": false,
  "cbm_mp": 0.900652126186503,
  "vbm_mp": -0.3086092942896204,
  "efermi_mp": -0.33239196,
  "has_band_edges_mp": true
}