{
  "mp_id": "mp-34688",
  "formula": "TiO2",
  "band_gap_mp": 1.9745,
  "formation_energy_per_atom_mp": -3.493553009444445,
  "energy_above_hull_mp": 0.014502442499999546,
  "is_stable_mp": false,
  "cbm_mp": 3.9175,
  "vbm_mp": 1.943,
  "efermi_mp": 2.01721997,
  "has_band_edges_mp": true
}