{
  "mp_id": "mp-352",
  "formula": "HfO2",
  "band_gap": 4.0165,
  "efermi": 3.04059473,
  "dos_shape": [
    2001
  ],
  "band_gap_mp": 4.0161999999999995,
  "formation_energy_per_atom_mp": -4.019811040833332,
  "energy_above_hull_mp": 0.0,
  "is_stable_mp": true,
  "cbm_mp": 7.0398,
  "vbm_mp": 3.0236,
  "efermi_mp": 3.12531023,
  "has_band_edges_mp": true
}