{
  "mp_id": "mp-4651",
  "formula": "SrTiO3",
  "band_gap": 1.848799999999999,
  "efermi": 3.18730183,
  "dos_shape": [
    2001
  ],
  "band_gap_mp": 1.8559,
  "formation_energy_per_atom_mp": -3.551662291666667,
  "energy_above_hull_mp": 0.0,
  "is_stable_mp": true,
  "cbm_mp": 5.0133,
  "vbm_mp": 3.1574,
  "efermi_mp": 3.26404323,
  "has_band_edges_mp": true
}