{
  "mp_id": "mp-560417",
  "formula": "SnO2",
  "band_gap_mp": 0.5726000000000004,
  "formation_energy_per_atom_mp": -1.9733808037499994,
  "energy_above_hull_mp": 0.1341012012500009,
  "is_stable_mp": false,
  "cbm_mp": 7.2556,
  "vbm_mp": 6.683,
  "efermi_mp": 6.7988511,
  "has_band_edges_mp": true
}