{
  "mp_id": "mp-541404",
  "formula": "VO2",
  "band_gap": 0.7584000000000001,
  "efermi": 2.0969245,
  "dos_shape": [
    2001
  ],
  "band_gap_mp": 0.7584,
  "formation_energy_per_atom_mp": -2.5224681766666683,
  "energy_above_hull_mp": 0.0,
  "is_stable_mp": true,
  "cbm_mp": 2.8468,
  "vbm_mp": 2.0884,
  "efermi_mp": 2.19478178,
  "has_band_edges_mp": true
}