{
  "mp_id": "mp-572822",
  "formula": "TiO2",
  "band_gap_mp": 1.6966999999999999,
  "formation_energy_per_atom_mp": -2.9756232152777784,
  "energy_above_hull_mp": 0.5324322366666667,
  "is_stable_mp": false,
  "cbm_mp": -0.8262,
  "vbm_mp": -2.5229,
  "efermi_mp": -2.40651869,
  "has_band_edges_mp": true
}