{
  "mp_id": "mp-559445",
  "formula": "VO2",
  "band_gap": 1.2536,
  "efermi": -1.96095418,
  "dos_shape": [
    2001
  ],
  "band_gap_mp": 1.2561,
  "formation_energy_per_atom_mp": -1.9837880500000011,
  "energy_above_hull_mp": 0.5386801266666517,
  "is_stable_mp": false,
  "cbm_mp": -0.7124,
  "vbm_mp": -1.9685,
  "efermi_mp": -1.89800452,
  "has_band_edges_mp": true
}