{
  "mp_id": "mp-5229",
  "formula": "SrTiO3",
  "band_gap": 1.771999999999999,
  "efermi": 3.23386932,
  "dos_shape": [
    2001
  ],
  "band_gap_mp": 1.7658999999999998,
  "formation_energy_per_atom_mp": -3.5511922376666667,
  "energy_above_hull_mp": 0.00047005399999910935,
  "is_stable_mp": false,
  "cbm_mp": 4.9974,
  "vbm_mp": 3.2315,
  "efermi_mp": 3.35954893,
  "has_band_edges_mp": true
}