{
  "mp_id": "mp-550172",
  "formula": "SnO2",
  "band_gap": 0.806099999999999,
  "efermi": 5.44892969,
  "dos_shape": [
    2001
  ],
  "band_gap_mp": 0.8169999999999993,
  "formation_energy_per_atom_mp": -2.1052311483333326,
  "energy_above_hull_mp": 0.0022508566666674668,
  "is_stable_mp": false,
  "cbm_mp": 6.2654,
  "vbm_mp": 5.4484,
  "efermi_mp": 5.63347522,
  "has_band_edges_mp": true
}