{
  "mp_id": "mp-685097",
  "formula": "HfO2",
  "band_gap": 4.4148,
  "efermi": 3.4527025,
  "dos_shape": [
    2001
  ],
  "band_gap_mp": 4.4148,
  "formation_energy_per_atom_mp": -3.997831573333329,
  "energy_above_hull_mp": 0.021979467500003125,
  "is_stable_mp": false,
  "cbm_mp": 7.8453,
  "vbm_mp": 3.4305,
  "efermi_mp": 3.53928926,
  "has_band_edges_mp": true
}