{
  "mp_id": "mp-636148",
  "formula": "WO3",
  "band_gap_mp": 1.3918000000000001,
  "formation_energy_per_atom_mp": -2.1601918381250007,
  "energy_above_hull_mp": 0.030668768437498883,
  "is_stable_mp": false,
  "cbm_mp": 1.5338,
  "vbm_mp": 0.142,
  "efermi_mp": 0.14934716,
  "has_band_edges_mp": true
}