{
  "mp_id": "mp-655656",
  "formula": "TiO2",
  "band_gap_mp": 2.8373999999999997,
  "formation_energy_per_atom_mp": -3.196460273611111,
  "energy_above_hull_mp": 0.3115951783333326,
  "is_stable_mp": false,
  "cbm_mp": -1.1451,
  "vbm_mp": -3.9825,
  "efermi_mp": -3.94518253,
  "has_band_edges_mp": true
}