{
  "mp_id": "mp-636284",
  "formula": "WO3",
  "band_gap": 1.2719,
  "efermi": 0.30801829,
  "dos_shape": [
    2001
  ],
  "band_gap_mp": 1.2719,
  "formation_energy_per_atom_mp": -2.1828137550000006,
  "energy_above_hull_mp": 0.008046851562498958,
  "is_stable_mp": false,
  "cbm_mp": 1.6052,
  "vbm_mp": 0.3333,
  "efermi_mp": 0.42354928,
  "has_band_edges_mp": true
}