{
  "mp_id": "mp-697",
  "formula": "SnO2",
  "band_gap": 0.5857999999999991,
  "efermi": 6.57435722,
  "dos_shape": [
    2001
  ],
  "band_gap_mp": 0.5857999999999999,
  "formation_energy_per_atom_mp": -2.0069290958333332,
  "energy_above_hull_mp": 0.10055290916666682,
  "is_stable_mp": false,
  "cbm_mp": 7.1524,
  "vbm_mp": 6.5666,
  "efermi_mp": 6.64871648,
  "has_band_edges_mp": true
}