{
  "mp_id": "mp-690346",
  "formula": "WO3",
  "band_gap_mp": 1.4478,
  "formation_energy_per_atom_mp": -2.1807203566666664,
  "energy_above_hull_mp": 0.01014024989583362,
  "is_stable_mp": false,
  "cbm_mp": 1.0876,
  "vbm_mp": -0.3602,
  "efermi_mp": -0.24674742,
  "has_band_edges_mp": true
}