{
  "mp_id": "mp-776018",
  "formula": "SrTiO3",
  "band_gap": 1.7362000000000002,
  "efermi": 3.1029137,
  "dos_shape": [
    2001
  ],
  "band_gap_mp": 1.7362000000000002,
  "formation_energy_per_atom_mp": -3.512559820333334,
  "energy_above_hull_mp": 0.039102471333333,
  "is_stable_mp": false,
  "cbm_mp": 4.8246,
  "vbm_mp": 3.0884,
  "efermi_mp": 3.14260689,
  "has_band_edges_mp": true
}