{
  "mp_id": "mp-715923",
  "formula": "WO3",
  "band_gap": 1.1298,
  "efermi": 0.37131133,
  "dos_shape": [
    2001
  ],
  "band_gap_mp": 1.1298000000000001,
  "formation_energy_per_atom_mp": -2.1830396425,
  "energy_above_hull_mp": 0.007820964062499769,
  "is_stable_mp": false,
  "cbm_mp": 1.5192,
  "vbm_mp": 0.3894,
  "efermi_mp": 0.60111847,
  "has_band_edges_mp": true
}