{
  "mp_id": "mp-756655",
  "formula": "TiO2",
  "band_gap_mp": 2.4317,
  "formation_energy_per_atom_mp": -3.4335929115277786,
  "energy_above_hull_mp": 0.07446254041666656,
  "is_stable_mp": false,
  "cbm_mp": 4.1303,
  "vbm_mp": 1.6986,
  "efermi_mp": 1.75148744,
  "has_band_edges_mp": true
}