{
  "mp_id": "mp-756587",
  "formula": "TiO2",
  "band_gap_mp": 2.3165,
  "formation_energy_per_atom_mp": -3.390097015694445,
  "energy_above_hull_mp": 0.11795843624999947,
  "is_stable_mp": false,
  "cbm_mp": 4.1521,
  "vbm_mp": 1.8356,
  "efermi_mp": 1.86784379,
  "has_band_edges_mp": true
}