{
  "mp_id": "mp-715035",
  "formula": "VO2",
  "band_gap": 0.7988000000000001,
  "efermi": 2.44947464,
  "dos_shape": [
    2001
  ],
  "band_gap_mp": 0.7988,
  "formation_energy_per_atom_mp": -2.422587112708335,
  "energy_above_hull_mp": 0.09988106395831764,
  "is_stable_mp": false,
  "cbm_mp": 3.2532,
  "vbm_mp": 2.4544,
  "efermi_mp": 2.45847586,
  "has_band_edges_mp": true
}