{
  "mp_id": "mp-755411",
  "formula": "VO2",
  "band_gap": 0.255099999999999,
  "efermi": 2.60506617,
  "dos_shape": [
    2001
  ],
  "band_gap_mp": 0.25509999999999966,
  "formation_energy_per_atom_mp": -2.4177826500000004,
  "energy_above_hull_mp": 0.10468552666665154,
  "is_stable_mp": false,
  "cbm_mp": 2.8499,
  "vbm_mp": 2.5948,
  "efermi_mp": 2.71787358,
  "has_band_edges_mp": true
}