{
  "mp_id": "mp-777469",
  "formula": "VO2",
  "band_gap": null,
  "efermi": 2.67801569,
  "dos_shape": [
    2001
  ],
  "band_gap_mp": 0.0,
  "formation_energy_per_atom_mp": -2.4746828750000014,
  "energy_above_hull_mp": 0.04778530166665185,
  "is_stable_mp": false,
  "cbm_mp": 2.67801569,
  "vbm_mp": 2.67801569,
  "efermi_mp": 2.67801569,
  "has_band_edges_mp": true
}