{
  "mp_id": "mp-714931",
  "formula": "VO2",
  "band_gap": 1.2589000000000001,
  "efermi": -1.72997644,
  "dos_shape": [
    2001
  ],
  "band_gap_mp": 1.2589,
  "formation_energy_per_atom_mp": -1.9936805075,
  "energy_above_hull_mp": 0.5287876691666522,
  "is_stable_mp": false,
  "cbm_mp": -0.4979,
  "vbm_mp": -1.7568,
  "efermi_mp": -1.63272186,
  "has_band_edges_mp": true
}