{
  "mp_id": "mp-715517",
  "formula": "VO2",
  "band_gap_mp": 0.9538000000000002,
  "formation_energy_per_atom_mp": -2.424621426458335,
  "energy_above_hull_mp": 0.09784675020831735,
  "is_stable_mp": false,
  "cbm_mp": 3.3397,
  "vbm_mp": 2.3859,
  "efermi_mp": 2.39119039,
  "has_band_edges_mp": true
}