{
  "mp_id": "mp-849533",
  "formula": "TiO2",
  "band_gap_mp": 2.7647,
  "formation_energy_per_atom_mp": -3.411356993194444,
  "energy_above_hull_mp": 0.09669845874999972,
  "is_stable_mp": false,
  "cbm_mp": 3.1955,
  "vbm_mp": 0.4308,
  "efermi_mp": 0.49104811,
  "has_band_edges_mp": true
}