{
  "mp_id": "mp-9173",
  "formula": "TiO2",
  "band_gap_mp": 2.4795,
  "formation_energy_per_atom_mp": -3.4505556619444433,
  "energy_above_hull_mp": 0.05749979000000138,
  "is_stable_mp": false,
  "cbm_mp": 4.2656,
  "vbm_mp": 1.7861,
  "efermi_mp": 1.94176412,
  "has_band_edges_mp": true
}