{
  "mp_id": "mp-997630",
  "formula": "ZnO",
  "band_gap_mp": 0.5251999999999999,
  "formation_energy_per_atom_mp": -1.6176554591666672,
  "energy_above_hull_mp": 0.17324365333333258,
  "is_stable_mp": false,
  "cbm_mp": 2.8737,
  "vbm_mp": 2.3485,
  "efermi_mp": 2.40632908,
  "has_band_edges_mp": true
}